index,WIN
0,Win
1,Win
2,Win
3,Win
4,Win
5,Win
6,Win
7,Win
8,Win
9,Win
10,Win
11,Win
12,Lose
13,Win
14,Win
15,Win
16,Win
17,Win
18,Win
19,Win
20,Win
21,Win
22,Win
23,Win
24,Win
25,Lose
26,Lose
27,Lose
28,Win
29,Win
30,Win
31,Win
32,Lose
33,Win
34,Win
35,Win
36,Win
37,Win
38,Win
39,Win
40,Lose
41,Lose
42,Lose
43,Lose
44,Lose
45,Lose
46,Win
47,Win
48,Win
49,Win
50,Win
51,Win
52,Win
53,Win
54,Win
55,Win
56,Win
57,Win
58,Win
59,Lose
60,Win
61,Win
62,Win
63,Win
64,Win
65,Win
66,Win
67,Lose
68,Win
69,Win
70,Win
71,Win
72,Win
73,Win
74,Win
75,Win
76,Win
77,Win
78,Win
79,Win
80,Lose
81,Win
82,Win
83,Win
84,Win
85,Win
86,Win
87,Win
88,Win
89,Win
90,Win
91,Win
92,Lose
93,Lose
94,Lose
95,Lose
96,Lose
97,Lose
98,Lose
99,Win
100,Win
101,Win
102,Win
103,Win
104,Win
105,Win
106,Win
107,Win
108,Win
109,Win
110,Win
111,Win
112,Lose
113,Lose
114,Lose
115,Win
116,Win
117,Win
118,Win
119,Win
120,Win
121,Win
122,Lose
123,Lose
124,Lose
125,Lose
126,Lose
127,Lose
128,Lose
129,Win
130,Win
131,Lose
132,Lose
133,Win
134,Win
135,Win
136,Win
137,Win
138,Win
139,Win
140,Lose
141,Lose
142,Lose
143,Lose
144,Lose
145,Win
146,Lose
147,Win
148,Win
149,Win
150,Win
151,Lose
152,Win
153,Win
154,Win
155,Win
156,Win
157,Win
158,Lose
159,Win
160,Win
161,Win
162,Win
163,Win
164,Win
165,Lose
166,Win
167,Win
168,Win
169,Win
170,Win
171,Win
172,Win
173,Lose
174,Lose
175,Lose
176,Win
177,Win
178,Win
179,Win
180,Win
181,Win
182,Win
183,Win
184,Win
185,Win
186,Win
187,Lose
188,Win
189,Win
190,Win
191,Win
192,Win
193,Win
194,Win
195,Lose
196,Lose
197,Lose
198,Win
199,Win
200,Win
201,Win
202,Win
203,Win
204,Lose
205,Lose
206,Win
207,Win
208,Win
209,Win
210,Win
211,Win
212,Win
213,Win
214,Win
215,Win
216,Win
217,Win
218,Win
219,Win
220,Win
221,Win
222,Win
223,Win
224,Win
225,Win
226,Win
227,Win
228,Win
229,Win
230,Lose
231,Lose
232,Lose
233,Lose
234,Lose
235,Lose
236,Win
237,Win
238,Win
239,Win
240,Win
241,Win
242,Win
243,Win
244,Win
245,Lose
246,Lose
247,Lose
248,Lose
249,Lose
250,Lose
251,Lose
252,Win
253,Win
254,Win
255,Win
256,Win
257,Win
258,Lose
259,Lose
260,Lose
261,Lose
262,Lose
263,Lose
264,Lose
265,Lose
266,Win
267,Win
268,Win
269,Win
270,Win
271,Win
272,Win
273,Win
274,Lose
275,Lose
276,Win
277,Win
278,Win
279,Win
280,Win
281,Lose
282,Lose
283,Lose
284,Win
285,Win
286,Win
287,Win
288,Win
289,Win
290,Win
291,Win
292,Win
293,Win
294,Win
295,Win
296,Win
297,Win
298,Lose
299,Lose
300,Lose
301,Lose
302,Win
303,Win
304,Win
305,Win
306,Lose
307,Lose
308,Win
309,Win
310,Win
311,Win
312,Lose
313,Lose
314,Win
315,Win
316,Win
317,Win
318,Win
319,Win
320,Win
321,Win
322,Win
323,Win
324,Win
325,Win
326,Win
327,Win
328,Win
329,Win
330,Win
331,Win
332,Win
333,Win
334,Win
335,Lose
336,Win
337,Win
338,Win
339,Win
340,Win
341,Win
342,Win
343,Win
344,Win
345,Win
346,Win
347,Win
348,Lose
349,Lose
350,Lose
351,Lose
352,Lose
353,Lose
354,Lose
355,Win
356,Win
357,Win
358,Win
359,Win
360,Win
361,Lose
362,Win
363,Win
364,Win
365,Win
366,Win
367,Win
368,Win
369,Lose
370,Lose
371,Lose
372,Lose
373,Lose
374,Win
375,Win
376,Win
377,Win
378,Win
379,Win
380,Win
381,Win
382,Win
383,Win
384,Win
385,Win
386,Win
387,Win
388,Win
389,Win
390,Win
391,Lose
392,Win
393,Win
394,Win
395,Win
396,Win
397,Win
398,Win
399,Win
400,Win
401,Win
402,Win
403,Win
404,Win
405,Win
406,Win
407,Win
408,Lose
409,Lose
410,Lose
411,Lose
412,Lose
413,Lose
414,Win
415,Win
416,Win
417,Win
418,Win
419,Win
420,Lose
421,Lose
422,Lose
423,Lose
424,Win
425,Win
426,Lose
427,Lose
428,Lose
429,Lose
430,Lose
431,Lose
432,Lose
433,Lose
434,Win
435,Lose
436,Lose
437,Win
438,Win
439,Win
440,Win
441,Win
442,Win
443,Win
444,Win
445,Win
446,Lose
447,Lose
448,Lose
449,Lose
450,Win
451,Win
452,Win
453,Win
454,Win
455,Win
456,Win
457,Win
458,Win
459,Win
460,Win
461,Win
462,Win
463,Win
464,Lose
465,Lose
466,Win
467,Win
468,Win
469,Win
470,Win
471,Win
472,Win
473,Win
474,Win
475,Win
476,Win
477,Win
478,Win
479,Win
480,Win
481,Win
482,Win
483,Win
484,Win
485,Win
486,Win
487,Win
488,Win
489,Win
490,Win
491,Win
492,Win
493,Win
494,Win
495,Win
496,Win
497,Win
498,Win
499,Win
500,Win
501,Win
502,Win
503,Win
504,Win
505,Win
506,Win
507,Win
508,Win
509,Lose
510,Lose
511,Lose
512,Lose
513,Lose
514,Lose
515,Lose
516,Win
517,Win
518,Lose
519,Lose
520,Win
521,Win
522,Win
523,Lose
524,Win
525,Win
526,Win
527,Lose
528,Win
529,Win
530,Win
531,Win
532,Lose
533,Lose
534,Lose
535,Lose
536,Lose
537,Win
538,Win
539,Win
540,Win
541,Win
542,Win
543,Win
544,Win
545,Win
546,Win
547,Win
548,Win
549,Win
550,Win
551,Win
552,Win
553,Win
554,Win
555,Win
556,Win
557,Win
558,Win
559,Win
560,Win
561,Win
562,Win
563,Win
564,Win
565,Win
566,Win
567,Win
568,Win
569,Win
570,Win
571,Win
572,Win
573,Win
574,Win
575,Win
576,Win
577,Win
578,Win
579,Win
580,Win
581,Win
582,Win
583,Win
584,Win
585,Win
586,Win
587,Win
588,Win
589,Win
590,Win
591,Win
592,Win
593,Win
594,Win
595,Win
596,Lose
597,Lose
598,Win
599,Win
600,Win
601,Win
602,Lose
603,Win
604,Win
605,Win
606,Win
607,Win
608,Win
609,Win
610,Win
611,Win
612,Win
613,Win
614,Win
615,Win
616,Win
617,Win
618,Win
619,Win
620,Win
621,Win
622,Win
623,Win
624,Win
625,Win
626,Win
627,Win
628,Win
629,Win
630,Lose
631,Win
632,Win
633,Win
634,Win
635,Win
636,Win
637,Win
638,Win
639,Win
640,Win
641,Win
642,Win
643,Win
644,Win
645,Win
646,Win
647,Win
648,Win
649,Win
650,Win
651,Win
652,Win
653,Lose
654,Win
655,Win
656,Win
657,Win
658,Win
659,Win
660,Win
661,Win
662,Win
663,Win
664,Win
665,Win
666,Win
667,Win
668,Lose
669,Win
670,Win
671,Win
672,Win
673,Win
674,Win
675,Win
676,Win
677,Win
678,Win
679,Win
680,Win
681,Win
682,Win
683,Win
684,Win
685,Win
686,Win
687,Win
688,Win
689,Win
690,Win
691,Lose
692,Win
693,Win
694,Win
695,Win
696,Win
697,Win
698,Win
699,Win
700,Win
701,Win
702,Win
703,Win
704,Win
705,Win
706,Win
707,Win
708,Win
709,Win
710,Win
711,Win
712,Win
713,Win
714,Win
715,Win
716,Win
717,Win
718,Win
719,Win
720,Win
721,Win
722,Win
723,Win
724,Win
725,Win
726,Win
727,Win
728,Win
729,Win
730,Win
731,Win
732,Win
733,Win
734,Win
735,Lose
736,Lose
737,Lose
738,Lose
739,Lose
740,Lose
741,Lose
742,Lose
743,Lose
744,Win
745,Win
746,Win
747,Win
748,Win
749,Win
750,Win
751,Lose
752,Lose
753,Lose
754,Win
755,Win
756,Win
757,Win
758,Win
759,Lose
760,Lose
761,Lose
762,Lose
763,Lose
764,Win
765,Win
766,Win
767,Win
768,Win
769,Win
770,Win
771,Win
772,Win
773,Win
774,Win
775,Win
776,Lose
777,Lose
778,Win
779,Win
780,Win
781,Win
782,Win
783,Win
784,Lose
785,Lose
786,Lose
787,Lose
788,Lose
789,Lose
790,Win
791,Win
792,Win
793,Win
794,Win
795,Win
796,Win
797,Win
798,Win
799,Win
800,Win
801,Win
802,Win
803,Win
804,Win
805,Win
806,Win
807,Win
808,Win
809,Win
810,Win
811,Win
812,Win
813,Win
814,Win
815,Win
816,Win
817,Win
818,Win
819,Win
820,Win
821,Win
822,Win
823,Win
824,Win
825,Win
826,Win
827,Win
828,Win
829,Win
830,Win
831,Win
832,Win
833,Win
834,Win
835,Win
836,Win
837,Win
838,Win
839,Win
840,Win
841,Win
842,Win
843,Win
844,Win
845,Win
846,Win
847,Win
848,Win
849,Win
850,Win
851,Win
852,Win
853,Win
854,Win
855,Win
856,Win
857,Win
858,Lose
859,Win
860,Win
861,Win
862,Win
863,Win
864,Win
865,Win
866,Win
867,Lose
868,Lose
869,Lose
870,Lose
871,Win
872,Win
873,Win
874,Lose
875,Lose
876,Lose
877,Lose
878,Win
879,Win
880,Win
881,Win
882,Win
883,Win
884,Win
885,Win
886,Win
887,Win
888,Win
889,Win
890,Win
891,Win
892,Win
893,Win
894,Win
895,Win
896,Win
897,Lose
898,Lose
899,Win
900,Win
901,Win
902,Win
903,Win
904,Win
905,Win
906,Win
907,Win
908,Win
909,Win
910,Lose
911,Lose
912,Lose
913,Lose
914,Lose
915,Win
916,Win
917,Win
918,Win
919,Win
920,Win
921,Win
922,Win
923,Win
924,Draw
925,Win
926,Win
927,Lose
928,Lose
929,Lose
930,Win
931,Win
932,Win
933,Win
934,Win
935,Win
936,Win
937,Lose
938,Win
939,Win
940,Win
941,Win
942,Win
943,Win
944,Win
945,Win
946,Win
947,Win
948,Win
949,Win
950,Win
951,Win
952,Win
953,Win
954,Win
955,Win
956,Win
957,Win
958,Win
959,Win
960,Lose
961,Lose
962,Win
963,Win
964,Win
965,Win
966,Win
967,Win
968,Win
969,Win
970,Win
971,Win
972,Win
973,Win
974,Win
975,Win
976,Win
977,Win
978,Win
979,Win
980,Win
981,Win
982,Win
983,Win
984,Win
985,Win
986,Win
987,Win
988,Win
989,Lose
990,Lose
991,Lose
992,Lose
993,Lose
994,Lose
995,Lose
996,Lose
997,Lose
998,Win
999,Win
1000,Lose
1001,Lose
1002,Lose
1003,Lose
1004,Win
1005,Lose
1006,Lose
1007,Win
1008,Win
1009,Win
1010,Win
1011,Win
1012,Win
1013,Win
1014,Win
1015,Win
1016,Win
1017,Win
1018,Win
1019,Win
1020,Win
1021,Win
1022,Win
1023,Win
1024,Win
1025,Win
1026,Win
1027,Win
1028,Win
1029,Lose
1030,Win
1031,Win
1032,Win
1033,Win
1034,Lose
1035,Lose
1036,Lose
1037,Win
1038,Win
1039,Win
1040,Win
1041,Win
1042,Win
1043,Win
1044,Win
1045,Win
1046,Win
1047,Win
1048,Win
1049,Win
1050,Win
1051,Win
1052,Win
1053,Win
1054,Win
1055,Win
1056,Win
1057,Win
1058,Win
1059,Win
1060,Win
1061,Win
1062,Win
1063,Win
1064,Win
1065,Win
1066,Win
1067,Win
1068,Win
1069,Win
1070,Win
1071,Win
1072,Win
1073,Win
1074,Lose
1075,Lose
1076,Lose
1077,Lose
1078,Win
1079,Win
1080,Win
1081,Win
1082,Win
1083,Win
1084,Win
1085,Win
1086,Win
1087,Win
1088,Win
1089,Win
1090,Win
1091,Win
1092,Win
1093,Win
1094,Win
1095,Lose
1096,Lose
1097,Lose
1098,Lose
1099,Win
1100,Win
1101,Win
1102,Win
1103,Lose
1104,Lose
1105,Lose
1106,Lose
1107,Win
1108,Win
1109,Win
1110,Win
1111,Win
1112,Win
1113,Win
1114,Win
1115,Win
1116,Win
1117,Win
1118,Win
1119,Win
1120,Win
1121,Win
1122,Lose
1123,Lose
1124,Lose
1125,Win
1126,Win
1127,Win
1128,Win
1129,Win
1130,Win
1131,Win
1132,Win
1133,Win
1134,Win
1135,Win
1136,Win
1137,Win
1138,Win
1139,Win
1140,Win
1141,Win
1142,Win
1143,Win
1144,Win
1145,Win
1146,Win
1147,Win
1148,Win
1149,Win
1150,Win
1151,Win
1152,Win
1153,Win
1154,Win
1155,Win
1156,Win
1157,Win
1158,Win
1159,Win
1160,Win
1161,Win
1162,Win
1163,Win
1164,Win
1165,Win
1166,Win
1167,Lose
1168,Win
1169,Win
1170,Win
1171,Win
1172,Win
1173,Win
1174,Win
1175,Lose
1176,Lose
1177,Lose
1178,Win
1179,Win
1180,Win
1181,Win
1182,Win
1183,Win
1184,Win
1185,Win
1186,Win
1187,Win
1188,Lose
1189,Lose
1190,Lose
1191,Win
1192,Win
1193,Win
1194,Win
1195,Win
1196,Win
1197,Win
1198,Win
1199,Win
1200,Win
1201,Win
1202,Win
1203,Win
1204,Win
1205,Win
1206,Win
1207,Win
1208,Win
1209,Win
1210,Win
1211,Win
1212,Win
1213,Win
1214,Win
1215,Win
1216,Lose
1217,Lose
1218,Lose
1219,Lose
1220,Win
1221,Win
1222,Win
1223,Win
1224,Win
1225,Win
1226,Win
1227,Win
1228,Win
1229,Win
1230,Win
1231,Win
1232,Win
1233,Win
1234,Win
1235,Win
1236,Win
1237,Win
1238,Lose
1239,Lose
1240,Lose
1241,Lose
1242,Lose
1243,Lose
1244,Lose
1245,Win
1246,Win
1247,Win
1248,Win
1249,Win
1250,Win
1251,Lose
1252,Win
1253,Win
1254,Win
1255,Win
1256,Win
1257,Win
1258,Win
1259,Win
1260,Win
1261,Win
1262,Win
1263,Win
1264,Win
1265,Win
1266,Win
1267,Win
1268,Win
1269,Lose
1270,Lose
1271,Lose
1272,Lose
1273,Lose
1274,Lose
1275,Win
1276,Win
1277,Win
1278,Win
1279,Win
1280,Win
1281,Win
1282,Win
1283,Win
1284,Win
1285,Win
1286,Win
1287,Win
1288,Win
1289,Win
1290,Win
1291,Win
1292,Win
1293,Win
1294,Win
1295,Win
1296,Win
1297,Win
1298,Win
1299,Lose
1300,Lose
1301,Lose
1302,Lose
1303,Win
1304,Win
1305,Win
1306,Win
1307,Win
1308,Win
1309,Win
1310,Win
1311,Win
1312,Lose
1313,Win
1314,Win
1315,Lose
1316,Lose
1317,Lose
1318,Lose
1319,Win
1320,Win
1321,Win
1322,Win
1323,Win
1324,Win
1325,Win
1326,Lose
1327,Lose
1328,Lose
1329,Lose
1330,Win
1331,Win
1332,Win
1333,Win
1334,Win
1335,Win
1336,Win
1337,Win
1338,Lose
1339,Lose
1340,Win
1341,Win
1342,Win
1343,Win
1344,Win
1345,Win
1346,Win
1347,Win
1348,Win
1349,Win
1350,Win
1351,Win
1352,Win
1353,Win
1354,Win
1355,Win
1356,Win
1357,Lose
1358,Lose
1359,Lose
1360,Lose
1361,Win
1362,Win
1363,Win
1364,Win
1365,Win
1366,Win
1367,Win
1368,Lose
1369,Lose
1370,Lose
1371,Lose
1372,Lose
1373,Lose
1374,Win
1375,Win
1376,Win
1377,Win
1378,Win
1379,Win
1380,Win
1381,Win
1382,Lose
1383,Win
1384,Win
1385,Win
1386,Win
1387,Win
1388,Win
1389,Win
1390,Win
1391,Win
1392,Win
1393,Lose
1394,Lose
1395,Lose
1396,Lose
1397,Lose
1398,Lose
1399,Lose
1400,Win
1401,Win
1402,Win
1403,Win
1404,Win
1405,Win
1406,Win
1407,Win
1408,Win
1409,Win
1410,Win
1411,Win
1412,Win
1413,Win
1414,Lose
1415,Lose
1416,Lose
1417,Win
1418,Win
1419,Win
1420,Win
1421,Lose
1422,Lose
1423,Win
1424,Win
1425,Win
1426,Win
1427,Win
1428,Win
1429,Win
1430,Win
1431,Win
1432,Win
1433,Draw
1434,Win
1435,Win
1436,Lose
1437,Lose
1438,Lose
1439,Lose
1440,Lose
1441,Lose
1442,Lose
1443,Lose
1444,Win
1445,Win
1446,Win
1447,Win
1448,Win
1449,Win
1450,Win
1451,Lose
1452,Lose
1453,Lose
1454,Lose
1455,Win
1456,Win
1457,Win
1458,Win
1459,Win
1460,Win
1461,Win
1462,Win
1463,Win
1464,Win
1465,Win
1466,Win
1467,Win
1468,Win
1469,Win
1470,Win
1471,Win
1472,Win
1473,Win
1474,Win
1475,Win
1476,Win
1477,Win
1478,Lose
1479,Lose
1480,Win
1481,Win
1482,Win
1483,Win
1484,Win
1485,Win
1486,Win
1487,Win
1488,Win
1489,Win
1490,Lose
1491,Lose
1492,Lose
1493,Win
1494,Win
1495,Win
1496,Win
1497,Win
1498,Win
1499,Win
1500,Win
1501,Win
1502,Win
1503,Lose
1504,Lose
1505,Lose
1506,Win
1507,Win
1508,Win
1509,Win
1510,Win
1511,Win
1512,Win
1513,Win
1514,Win
1515,Win
1516,Win
1517,Win
1518,Win
1519,Win
1520,Win
1521,Win
1522,Lose
1523,Win
1524,Win
1525,Win
1526,Win
1527,Win
1528,Win
1529,Win
1530,Win
1531,Win
1532,Win
1533,Win
1534,Win
1535,Lose
1536,Lose
1537,Lose
1538,Lose
1539,Lose
1540,Win
1541,Win
1542,Win
1543,Win
1544,Win
1545,Win
1546,Win
1547,Win
1548,Win
1549,Win
1550,Win
1551,Win
1552,Win
1553,Win
1554,Win
1555,Win
1556,Win
1557,Win
1558,Win
1559,Win
1560,Win
1561,Win
1562,Win
1563,Win
1564,Win
1565,Win
1566,Win
1567,Lose
1568,Lose
1569,Lose
1570,Lose
1571,Win
1572,Win
1573,Win
1574,Lose
1575,Lose
1576,Lose
1577,Win
1578,Win
1579,Win
1580,Win
1581,Win
1582,Win
1583,Win
1584,Lose
1585,Lose
1586,Lose
1587,Win
1588,Win
1589,Win
1590,Win
1591,Win
1592,Lose
1593,Win
1594,Lose
1595,Lose
1596,Lose
1597,Lose
1598,Win
1599,Win
1600,Win
1601,Win
1602,Win
1603,Win
1604,Win
1605,Win
1606,Win
1607,Lose
1608,Lose
1609,Win
1610,Win
1611,Win
1612,Win
1613,Win
1614,Win
1615,Win
1616,Lose
1617,Lose
1618,Win
1619,Win
1620,Win
1621,Win
1622,Win
1623,Win
1624,Win
1625,Win
1626,Win
1627,Win
1628,Win
1629,Win
1630,Lose
1631,Lose
1632,Win
1633,Win
1634,Win
1635,Lose
1636,Lose
1637,Lose
1638,Lose
1639,Lose
1640,Win
1641,Lose
1642,Lose
1643,Lose
1644,Lose
1645,Lose
1646,Lose
1647,Win
1648,Win
1649,Win
1650,Win
1651,Win
1652,Win
1653,Win
1654,Win
1655,Win
1656,Win
1657,Win
1658,Win
1659,Win
1660,Win
1661,Win
1662,Win
1663,Win
1664,Lose
1665,Lose
1666,Lose
1667,Lose
1668,Lose
1669,Lose
1670,Lose
1671,Win
1672,Win
1673,Win
1674,Win
1675,Win
1676,Win
1677,Win
1678,Win
1679,Win
1680,Win
1681,Win
1682,Win
1683,Win
1684,Win
1685,Win
1686,Lose
1687,Lose
1688,Win
1689,Win
1690,Win
1691,Win
1692,Win
1693,Win
1694,Win
1695,Lose
1696,Lose
1697,Win
1698,Win
1699,Win
1700,Draw
1701,Draw
1702,Lose
1703,Lose
1704,Win
1705,Win
1706,Win
1707,Win
1708,Win
1709,Win
1710,Win
1711,Win
1712,Win
1713,Win
1714,Win
1715,Win
1716,Win
1717,Lose
1718,Win
1719,Win
1720,Lose
1721,Lose
1722,Lose
1723,Lose
1724,Lose
1725,Win
1726,Win
1727,Win
1728,Win
1729,Win
1730,Win
1731,Win
1732,Win
1733,Win
1734,Win
1735,Win
1736,Win
1737,Draw
1738,Win
1739,Win
1740,Win
1741,Win
1742,Win
1743,Win
1744,Win
1745,Win
1746,Win
1747,Win
1748,Win
1749,Win
1750,Win
1751,Win
1752,Win
1753,Win
1754,Win
1755,Win
1756,Win
1757,Win
1758,Win
1759,Win
1760,Win
1761,Win
1762,Win
1763,Win
1764,Win
1765,Win
1766,Win
1767,Win
1768,Win
1769,Win
1770,Win
1771,Win
1772,Win
1773,Win
1774,Win
1775,Win
1776,Lose
1777,Lose
1778,Lose
1779,Lose
1780,Lose
1781,Win
1782,Win
1783,Lose
1784,Lose
1785,Lose
1786,Lose
1787,Win
1788,Win
1789,Win
1790,Win
1791,Win
1792,Win
1793,Lose
1794,Lose
1795,Lose
1796,Lose
1797,Lose
1798,Lose
1799,Lose
1800,Lose
1801,Lose
1802,Win
1803,Win
1804,Win
1805,Win
1806,Lose
1807,Win
1808,Win
1809,Win
1810,Win
1811,Win
1812,Win
1813,Win
1814,Lose
1815,Lose
1816,Lose
1817,Win
1818,Win
1819,Win
1820,Win
1821,Win
1822,Win
1823,Win
1824,Win
1825,Win
1826,Win
1827,Lose
1828,Lose
1829,Win
1830,Win
1831,Win
1832,Win
1833,Win
1834,Win
1835,Win
1836,Lose
1837,Lose
1838,Win
1839,Win
1840,Win
1841,Win
1842,Win
1843,Win
1844,Win
1845,Win
1846,Win
1847,Win
1848,Win
1849,Win
1850,Win
1851,Win
1852,Win
1853,Win
1854,Win
1855,Win
1856,Win
1857,Win
1858,Lose
1859,Lose
1860,Lose
1861,Lose
1862,Lose
1863,Lose
1864,Win
1865,Win
1866,Win
1867,Win
1868,Win
1869,Win
1870,Win
1871,Win
1872,Win
1873,Win
1874,Win
1875,Win
1876,Win
1877,Win
1878,Win
1879,Lose
1880,Lose
1881,Win
1882,Win
1883,Win
1884,Win
1885,Win
1886,Win
1887,Win
1888,Win
1889,Win
1890,Win
1891,Lose
1892,Lose
1893,Lose
1894,Lose
1895,Lose
1896,Lose
1897,Lose
1898,Lose
1899,Win
1900,Win
1901,Win
1902,Win
1903,Win
1904,Win
1905,Win
1906,Win
1907,Win
1908,Win
1909,Win
1910,Win
1911,Win
1912,Win
1913,Win
1914,Win
1915,Win
1916,Lose
1917,Lose
1918,Lose
1919,Lose
1920,Lose
1921,Win
1922,Win
1923,Win
1924,Draw
1925,Win
1926,Win
1927,Win
1928,Win
1929,Win
1930,Win
1931,Win
1932,Win
1933,Lose
1934,Win
1935,Win
1936,Win
1937,Win
1938,Win
1939,Win
1940,Win
1941,Lose
1942,Win
1943,Win
1944,Win
1945,Win
1946,Win
1947,Win
1948,Win
1949,Win
1950,Lose
1951,Lose
1952,Lose
1953,Lose
1954,Win
1955,Win
1956,Win
1957,Win
1958,Win
1959,Win
1960,Win
1961,Win
1962,Win
1963,Win
1964,Win
1965,Win
1966,Win
1967,Win
1968,Win
1969,Win
1970,Win
1971,Win
1972,Win
1973,Win
1974,Win
1975,Win
1976,Win
1977,Win
1978,Win
1979,Win
1980,Win
1981,Win
1982,Win
1983,Win
1984,Win
1985,Win
1986,Win
1987,Win
1988,Lose
1989,Lose
1990,Lose
1991,Win
1992,Win
1993,Lose
1994,Lose
1995,Win
1996,Win
1997,Win
1998,Win
1999,Win
2000,Win
2001,Win
2002,Win
2003,Lose
2004,Lose
2005,Lose
2006,Win
2007,Win
2008,Lose
2009,Lose
2010,Win
2011,Win
2012,Win
2013,Win
2014,Win
2015,Win
2016,Win
2017,Win
2018,Win
2019,Win
2020,Win
2021,Win
2022,Win
2023,Win
2024,Win
2025,Win
2026,Win
2027,Win
2028,Win
2029,Win
2030,Win
2031,Win
2032,Win
2033,Win
2034,Win
2035,Win
2036,Win
2037,Win
2038,Win
2039,Win
2040,Win
2041,Lose
2042,Win
2043,Win
2044,Win
2045,Win
2046,Win
2047,Win
2048,Win
2049,Win
2050,Win
2051,Win
2052,Win
2053,Win
2054,Win
2055,Win
2056,Win
2057,Win
2058,Win
2059,Lose
2060,Lose
2061,Lose
2062,Lose
2063,Lose
2064,Lose
2065,Lose
2066,Lose
2067,Lose
2068,Lose
2069,Win
2070,Win
2071,Win
2072,Lose
2073,Lose
2074,Lose
2075,Lose
2076,Win
2077,Win
2078,Win
2079,Win
2080,Win
2081,Lose
2082,Lose
2083,Lose
2084,Lose
2085,Lose
2086,Lose
2087,Lose
2088,Lose
2089,Lose
2090,Lose
2091,Lose
2092,Lose
2093,Win
2094,Win
2095,Win
2096,Win
2097,Win
2098,Win
2099,Win
2100,Win
2101,Win
2102,Win
2103,Win
2104,Win
2105,Win
2106,Win
2107,Win
2108,Win
2109,Win
2110,Win
2111,Win
2112,Win
2113,Win
2114,Win
2115,Win
2116,Win
2117,Lose
2118,Win
2119,Win
2120,Win
2121,Win
2122,Win
2123,Win
2124,Win
2125,Win
2126,Lose
2127,Lose
2128,Lose
2129,Win
2130,Win
2131,Win
2132,Win
2133,Win
2134,Win
2135,Win
2136,Win
2137,Win
2138,Win
2139,Win
2140,Lose
2141,Lose
2142,Lose
2143,Win
2144,Win
2145,Win
2146,Win
2147,Win
2148,Win
2149,Win
2150,Win
2151,Win
2152,Win
2153,Win
2154,Lose
2155,Lose
2156,Lose
2157,Win
2158,Win
2159,Win
2160,Win
2161,Win
2162,Win
2163,Win
2164,Win
2165,Win
2166,Win
2167,Win
2168,Win
2169,Lose
2170,Win
2171,Win
2172,Win
2173,Win
2174,Win
2175,Win
2176,Win
2177,Win
2178,Lose
2179,Lose
2180,Lose
2181,Lose
2182,Lose
2183,Win
2184,Win
2185,Win
2186,Lose
2187,Lose
2188,Win
2189,Win
2190,Win
2191,Win
2192,Win
2193,Win
2194,Win
2195,Win
2196,Lose
2197,Lose
2198,Lose
2199,Win
2200,Win
2201,Win
2202,Win
2203,Win
2204,Lose
2205,Lose
2206,Win
2207,Win
2208,Win
2209,Win
2210,Win
2211,Win
2212,Win
2213,Win
2214,Win
2215,Win
2216,Win
2217,Win
2218,Win
2219,Lose
2220,Lose
2221,Lose
2222,Lose
2223,Lose
2224,Lose
2225,Lose
2226,Win
2227,Win
2228,Win
2229,Win
2230,Win
2231,Lose
2232,Lose
2233,Win
2234,Win
2235,Win
2236,Win
2237,Win
2238,Win
2239,Win
2240,Win
2241,Win
2242,Win
2243,Win
2244,Win
2245,Lose
2246,Lose
2247,Win
2248,Win
2249,Win
2250,Win
2251,Win
2252,Win
2253,Win
2254,Win
2255,Win
2256,Win
2257,Win
2258,Win
2259,Win
2260,Win
2261,Win
2262,Win
2263,Win
2264,Win
2265,Win
2266,Win
2267,Win
2268,Win
2269,Win
2270,Win
2271,Win
2272,Win
2273,Win
2274,Win
2275,Win
2276,Win
2277,Win
2278,Win
2279,Win
2280,Win
2281,Lose
2282,Lose
2283,Lose
2284,Lose
2285,Win
2286,Win
2287,Win
2288,Win
2289,Win
2290,Win
2291,Win
2292,Win
2293,Win
2294,Win
2295,Win
2296,Win
2297,Win
2298,Lose
2299,Lose
2300,Lose
2301,Lose
2302,Lose
2303,Lose
2304,Lose
2305,Win
2306,Win
2307,Win
2308,Win
2309,Win
2310,Lose
2311,Lose
2312,Win
2313,Win
2314,Win
2315,Win
2316,Win
2317,Win
2318,Win
2319,Win
2320,Win
2321,Win
2322,Win
2323,Win
2324,Win
2325,Win
2326,Win
2327,Win
2328,Win
2329,Win
2330,Win
2331,Win
2332,Lose
2333,Lose
2334,Win
2335,Win
2336,Win
2337,Win
2338,Win
2339,Win
2340,Win
2341,Win
2342,Win
2343,Win
2344,Win
2345,Win
2346,Win
2347,Win
2348,Win
2349,Win
2350,Win
2351,Win
2352,Win
2353,Lose
2354,Lose
2355,Lose
2356,Lose
2357,Lose
2358,Lose
2359,Lose
2360,Win
2361,Lose
2362,Lose
2363,Lose
2364,Lose
2365,Win
2366,Lose
2367,Lose
2368,Lose
2369,Lose
2370,Lose
2371,Lose
2372,Lose
2373,Win
2374,Win
2375,Win
2376,Win
2377,Win
2378,Win
2379,Win
2380,Win
2381,Win
2382,Win
2383,Win
2384,Win
2385,Win
2386,Win
2387,Win
2388,Win
2389,Win
2390,Win
2391,Win
2392,Win
2393,Win
2394,Win
2395,Win
2396,Win
2397,Win
2398,Win
2399,Win
2400,Win
2401,Win
2402,Win
2403,Win
2404,Win
2405,Lose
2406,Win
2407,Win
2408,Win
2409,Win
2410,Win
2411,Win
2412,Win
2413,Win
2414,Win
2415,Win
2416,Lose
2417,Win
2418,Win
2419,Win
2420,Win
2421,Win
2422,Win
2423,Win
2424,Win
2425,Win
2426,Lose
2427,Lose
2428,Lose
2429,Lose
2430,Lose
2431,Win
2432,Win
2433,Win
2434,Win
2435,Win
2436,Win
2437,Win
2438,Win
2439,Win
2440,Win
2441,Lose
2442,Lose
2443,Lose
2444,Lose
2445,Lose
2446,Lose
2447,Win
2448,Win
2449,Win
2450,Win
2451,Win
2452,Lose
2453,Win
2454,Win
2455,Win
2456,Win
2457,Win
2458,Win
2459,Win
2460,Win
2461,Win
2462,Win
2463,Win
2464,Win
2465,Win
2466,Win
2467,Win
2468,Lose
2469,Lose
2470,Lose
2471,Lose
2472,Lose
2473,Win
2474,Win
2475,Win
2476,Win
2477,Win
2478,Win
2479,Win
2480,Win
2481,Win
2482,Win
2483,Win
2484,Win
2485,Win
2486,Win
2487,Win
2488,Win
2489,Win
2490,Win
2491,Win
2492,Win
2493,Win
2494,Win
2495,Lose
2496,Win
2497,Win
2498,Win
2499,Win
2500,Win
2501,Win
2502,Win
2503,Win
2504,Win
2505,Win
2506,Win
2507,Win
2508,Win
2509,Win
2510,Win
2511,Win
2512,Lose
2513,Lose
2514,Lose
2515,Lose
2516,Lose
2517,Lose
2518,Lose
2519,Lose
2520,Win
2521,Win
2522,Win
2523,Win
2524,Win
2525,Win
2526,Win
2527,Win
2528,Win
2529,Win
2530,Lose
2531,Lose
2532,Lose
2533,Lose
2534,Lose
2535,Lose
2536,Win
2537,Win
2538,Lose
2539,Lose
2540,Lose
2541,Win
2542,Win
2543,Win
2544,Win
2545,Win
2546,Win
2547,Win
2548,Win
2549,Win
2550,Win
2551,Win
2552,Win
2553,Win
2554,Lose
2555,Lose
2556,Win
2557,Win
2558,Win
2559,Lose
2560,Lose
2561,Lose
2562,Lose
2563,Lose
2564,Lose
2565,Lose
2566,Lose
2567,Lose
2568,Lose
2569,Lose
2570,Lose
2571,Lose
2572,Win
2573,Win
2574,Win
2575,Win
2576,Win
2577,Win
2578,Win
2579,Win
2580,Win
2581,Win
2582,Win
2583,Win
2584,Win
2585,Win
2586,Win
2587,Win
2588,Win
2589,Win
2590,Win
2591,Win
2592,Lose
2593,Win
2594,Win
2595,Win
2596,Lose
2597,Lose
2598,Lose
2599,Lose
2600,Win
2601,Win
2602,Win
2603,Win
2604,Lose
2605,Win
2606,Win
2607,Win
2608,Win
2609,Win
2610,Win
2611,Win
2612,Win
2613,Win
2614,Win
2615,Win
2616,Lose
2617,Lose
2618,Lose
2619,Lose
2620,Lose
2621,Lose
2622,Win
2623,Win
2624,Win
2625,Win
2626,Win
2627,Win
2628,Win
2629,Lose
2630,Lose
2631,Win
2632,Win
2633,Win
2634,Win
2635,Win
2636,Win
2637,Win
2638,Win
2639,Win
2640,Win
2641,Win
2642,Win
2643,Win
2644,Win
2645,Win
2646,Win
2647,Win
2648,Win
2649,Win
2650,Win
2651,Win
2652,Win
2653,Win
2654,Lose
2655,Lose
2656,Win
2657,Win
2658,Win
2659,Win
2660,Win
2661,Win
2662,Win
2663,Win
2664,Win
2665,Win
2666,Win
2667,Win
2668,Win
2669,Win
2670,Win
2671,Win
2672,Win
2673,Win
2674,Win
2675,Win
2676,Win
2677,Win
2678,Win
2679,Win
2680,Win
2681,Win
2682,Win
2683,Win
2684,Win
2685,Win
2686,Win
2687,Lose
2688,Lose
2689,Win
2690,Win
2691,Win
2692,Win
2693,Win
2694,Win
2695,Win
2696,Win
2697,Win
2698,Win
2699,Win
2700,Win
2701,Win
2702,Win
2703,Win
2704,Win
2705,Win
2706,Win
2707,Win
2708,Win
2709,Win
2710,Win
2711,Win
2712,Win
2713,Win
2714,Win
2715,Lose
2716,Win
2717,Win
2718,Win
2719,Win
2720,Win
2721,Win
2722,Win
2723,Win
2724,Win
2725,Win
2726,Win
2727,Win
2728,Win
2729,Win
2730,Win
2731,Win
2732,Win
2733,Lose
2734,Win
2735,Win
2736,Win
2737,Win
2738,Win
2739,Win
2740,Win
2741,Win
2742,Win
2743,Win
2744,Win
2745,Win
2746,Win
2747,Win
2748,Win
2749,Win
2750,Win
2751,Win
2752,Win
2753,Win
2754,Win
2755,Lose
2756,Lose
2757,Win
2758,Win
2759,Lose
2760,Win
2761,Win
2762,Win
2763,Win
2764,Win
2765,Win
2766,Win
2767,Win
2768,Win
2769,Win
2770,Win
2771,Win
2772,Win
2773,Win
2774,Win
2775,Win
2776,Win
2777,Win
2778,Win
2779,Win
2780,Win
2781,Win
2782,Win
2783,Win
2784,Win
2785,Win
2786,Win
2787,Win
2788,Lose
2789,Lose
2790,Lose
2791,Win
2792,Win
2793,Win
2794,Win
2795,Win
2796,Win
2797,Win
2798,Win
2799,Win
2800,Lose
2801,Lose
2802,Lose
2803,Win
2804,Win
2805,Win
2806,Win
2807,Win
2808,Lose
2809,Lose
2810,Lose
2811,Win
2812,Win
2813,Lose
2814,Win
2815,Win
2816,Win
2817,Win
2818,Win
2819,Win
2820,Win
2821,Win
2822,Win
2823,Win
2824,Win
2825,Win
2826,Draw
2827,Lose
2828,Lose
2829,Win
2830,Win
2831,Win
2832,Win
2833,Win
2834,Win
2835,Win
2836,Win
2837,Win
2838,Win
2839,Win
2840,Win
2841,Win
2842,Win
2843,Win
2844,Win
2845,Win
2846,Lose
2847,Lose
2848,Win
2849,Win
2850,Win
2851,Win
2852,Win
2853,Win
2854,Win
2855,Win
2856,Win
2857,Lose
2858,Win
2859,Win
2860,Lose
2861,Lose
2862,Lose
2863,Win
2864,Win
2865,Win
2866,Win
2867,Win
2868,Win
2869,Win
2870,Win
2871,Win
2872,Win
2873,Win
2874,Win
2875,Win
2876,Win
2877,Lose
2878,Win
2879,Win
2880,Win
2881,Win
2882,Win
2883,Win
2884,Lose
2885,Win
2886,Win
2887,Win
2888,Win
2889,Win
2890,Win
2891,Win
2892,Win
2893,Win
2894,Win
2895,Win
2896,Win
2897,Win
2898,Win
2899,Win
2900,Win
2901,Win
2902,Win
2903,Win
2904,Win
2905,Win
2906,Win
2907,Win
2908,Win
2909,Win
2910,Win
2911,Win
2912,Win
2913,Win
2914,Win
2915,Lose
2916,Lose
2917,Win
2918,Win
2919,Win
2920,Win
2921,Win
2922,Win
2923,Win
2924,Win
2925,Win
2926,Win
2927,Win
2928,Win
2929,Win
2930,Win
2931,Win
2932,Win
2933,Win
2934,Win
2935,Win
2936,Win
2937,Win
2938,Lose
2939,Lose
2940,Lose
2941,Lose
2942,Win
2943,Win
2944,Win
2945,Win
2946,Win
2947,Win
2948,Win
2949,Win
2950,Win
2951,Win
2952,Win
2953,Lose
2954,Lose
2955,Lose
2956,Lose
2957,Lose
2958,Win
2959,Win
2960,Win
2961,Win
2962,Lose
2963,Win
2964,Win
2965,Win
2966,Win
2967,Lose
2968,Lose
2969,Lose
2970,Lose
2971,Lose
2972,Win
2973,Win
2974,Win
2975,Win
2976,Win
2977,Win
2978,Lose
2979,Lose
2980,Win
2981,Win
2982,Win
2983,Lose
2984,Win
2985,Win
2986,Win
2987,Win
2988,Win
2989,Win
2990,Win
2991,Lose
2992,Lose
2993,Win
2994,Win
2995,Win
2996,Win
2997,Win
2998,Win
2999,Win
3000,Win
3001,Win
3002,Win
3003,Lose
3004,Win
3005,Win
3006,Win
3007,Win
3008,Win
3009,Win
3010,Win
3011,Win
3012,Win
3013,Lose
3014,Lose
3015,Lose
3016,Win
3017,Win
3018,Win
3019,Win
3020,Win
3021,Win
3022,Win
3023,Win
3024,Lose
3025,Lose
3026,Lose
3027,Lose
3028,Lose
3029,Win
3030,Win
3031,Win
3032,Win
3033,Lose
3034,Win
3035,Win
3036,Win
3037,Win
3038,Win
3039,Win
3040,Win
3041,Win
3042,Win
3043,Win
3044,Win
3045,Lose
3046,Win
3047,Win
3048,Win
3049,Win
3050,Win
3051,Win
3052,Win
3053,Win
3054,Win
3055,Win
3056,Win
3057,Win
3058,Win
3059,Win
3060,Win
3061,Win
3062,Win
3063,Win
3064,Win
3065,Win
3066,Win
3067,Lose
3068,Lose
3069,Win
3070,Win
3071,Win
3072,Lose
3073,Lose
3074,Lose
3075,Lose
3076,Lose
3077,Lose
3078,Lose
3079,Win
3080,Win
3081,Win
3082,Win
3083,Win
3084,Win
3085,Win
3086,Win
3087,Win
3088,Win
3089,Win
3090,Win
3091,Win
3092,Win
3093,Lose
3094,Win
3095,Win
3096,Win
3097,Win
3098,Win
3099,Win
3100,Win
3101,Win
3102,Win
3103,Win
3104,Win
3105,Win
3106,Win
3107,Win
3108,Win
3109,Win
3110,Win
3111,Win
3112,Win
3113,Win
3114,Win
3115,Win
3116,Win
3117,Win
3118,Win
3119,Win
3120,Win
3121,Win
3122,Win
3123,Win
3124,Win
3125,Win
3126,Win
3127,Win
3128,Win
3129,Win
3130,Win
3131,Win
3132,Win
3133,Win
3134,Lose
3135,Lose
3136,Lose
3137,Lose
3138,Lose
3139,Lose
3140,Lose
3141,Lose
3142,Win
3143,Win
3144,Win
3145,Win
3146,Win
3147,Win
3148,Win
3149,Win
3150,Win
3151,Win
3152,Win
3153,Win
3154,Win
3155,Win
3156,Win
3157,Lose
3158,Lose
3159,Win
3160,Win
3161,Win
3162,Win
3163,Win
3164,Win
3165,Win
3166,Win
3167,Win
3168,Win
3169,Win
3170,Win
3171,Win
3172,Win
3173,Win
3174,Win
3175,Lose
3176,Win
3177,Win
3178,Win
3179,Win
3180,Win
3181,Win
3182,Lose
3183,Lose
3184,Lose
3185,Lose
3186,Lose
3187,Lose
3188,Lose
3189,Lose
3190,Lose
3191,Lose
3192,Lose
3193,Lose
3194,Lose
3195,Win
3196,Win
3197,Win
3198,Win
3199,Win
3200,Win
3201,Win
3202,Win
3203,Win
3204,Win
3205,Win
3206,Win
3207,Win
3208,Win
3209,Win
3210,Win
3211,Win
3212,Win
3213,Win
3214,Win
3215,Win
3216,Win
3217,Win
3218,Win
3219,Win
3220,Win
3221,Lose
3222,Lose
3223,Lose
3224,Win
3225,Win
3226,Win
3227,Win
3228,Win
3229,Win
3230,Win
3231,Win
3232,Win
3233,Win
3234,Lose
3235,Lose
3236,Win
3237,Win
3238,Win
3239,Win
3240,Win
3241,Win
3242,Win
3243,Win
3244,Win
3245,Win
3246,Win
3247,Win
3248,Win
3249,Win
3250,Win
3251,Win
3252,Win
3253,Lose
3254,Lose
3255,Lose
3256,Lose
3257,Win
3258,Win
3259,Win
3260,Win
3261,Win
3262,Win
3263,Win
3264,Win
3265,Win
3266,Win
3267,Win
3268,Lose
3269,Win
3270,Win
3271,Win
3272,Win
3273,Win
3274,Win
3275,Win
3276,Win
3277,Lose
3278,Lose
3279,Lose
3280,Lose
3281,Lose
3282,Lose
3283,Lose
3284,Lose
3285,Lose
3286,Lose
3287,Win
3288,Win
3289,Win
3290,Win
3291,Win
3292,Win
3293,Win
3294,Win
3295,Win
3296,Win
3297,Win
3298,Win
3299,Win
3300,Win
3301,Win
3302,Win
3303,Win
3304,Win
3305,Win
3306,Win
3307,Win
3308,Lose
3309,Lose
3310,Lose
3311,Lose
3312,Lose
3313,Lose
3314,Win
3315,Win
3316,Win
3317,Win
3318,Win
3319,Win
3320,Win
3321,Win
3322,Win
3323,Win
3324,Win
3325,Win
3326,Lose
3327,Lose
3328,Win
3329,Win
3330,Win
3331,Win
3332,Win
3333,Win
3334,Win
3335,Win
3336,Lose
3337,Win
3338,Win
3339,Win
3340,Win
3341,Lose
3342,Lose
3343,Lose
3344,Lose
3345,Lose
3346,Lose
3347,Lose
3348,Win
3349,Lose
3350,Lose
3351,Lose
3352,Lose
3353,Win
3354,Win
3355,Lose
3356,Lose
3357,Lose
3358,Lose
3359,Win
3360,Win
3361,Win
3362,Win
3363,Win
3364,Win
3365,Win
3366,Win
3367,Win
3368,Win
3369,Win
3370,Win
3371,Win
3372,Lose
3373,Lose
3374,Lose
3375,Lose
3376,Lose
3377,Lose
3378,Lose
3379,Win
3380,Win
3381,Win
3382,Win
3383,Win
3384,Win
3385,Win
3386,Win
3387,Win
3388,Lose
3389,Win
3390,Win
3391,Win
3392,Win
3393,Win
3394,Win
3395,Lose
3396,Lose
3397,Win
3398,Win
3399,Win
3400,Win
3401,Lose
3402,Lose
3403,Lose
3404,Win
3405,Win
3406,Win
3407,Win
3408,Win
3409,Win
3410,Win
3411,Win
3412,Win
3413,Win
3414,Win
3415,Win
3416,Win
3417,Win
3418,Win
3419,Win
3420,Win
3421,Lose
3422,Win
3423,Win
3424,Win
3425,Win
3426,Win
3427,Lose
3428,Lose
3429,Lose
3430,Win
3431,Win
3432,Win
3433,Win
3434,Win
3435,Lose
3436,Lose
3437,Lose
3438,Lose
3439,Lose
3440,Lose
3441,Lose
3442,Lose
3443,Lose
3444,Win
3445,Win
3446,Win
3447,Lose
3448,Win
3449,Win
3450,Win
3451,Win
3452,Win
3453,Win
3454,Lose
3455,Lose
3456,Lose
3457,Lose
3458,Win
3459,Win
3460,Win
3461,Win
3462,Win
3463,Win
3464,Win
3465,Win
3466,Win
3467,Win
3468,Win
3469,Win
3470,Win
3471,Win
3472,Win
3473,Win
3474,Win
3475,Win
3476,Win
3477,Win
3478,Win
3479,Win
3480,Win
3481,Win
3482,Win
3483,Win
3484,Win
3485,Win
3486,Win
3487,Win
3488,Win
3489,Win
3490,Lose
3491,Lose
3492,Lose
3493,Lose
3494,Lose
3495,Win
3496,Win
3497,Win
3498,Win
3499,Win
3500,Win
3501,Win
3502,Win
3503,Win
3504,Win
3505,Win
3506,Win
3507,Win
3508,Win
3509,Win
3510,Win
3511,Win
3512,Win
3513,Win
3514,Lose
3515,Lose
3516,Win
3517,Win
3518,Win
3519,Win
3520,Win
3521,Win
3522,Win
3523,Win
3524,Win
3525,Win
3526,Win
3527,Win
3528,Win
3529,Win
3530,Win
3531,Win
3532,Win
3533,Lose
3534,Win
3535,Win
3536,Win
3537,Win
3538,Win
3539,Win
3540,Win
3541,Win
3542,Win
3543,Win
3544,Win
3545,Win
3546,Lose
3547,Lose
3548,Lose
3549,Lose
3550,Lose
3551,Win
3552,Win
3553,Win
3554,Win
3555,Win
3556,Win
3557,Win
3558,Win
3559,Win
3560,Win
3561,Win
3562,Win
3563,Win
3564,Win
3565,Win
3566,Win
3567,Win
3568,Win
3569,Win
3570,Win
3571,Lose
3572,Win
3573,Win
3574,Win
3575,Win
3576,Win
3577,Lose
3578,Lose
3579,Lose
3580,Lose
3581,Lose
3582,Lose
3583,Lose
3584,Win
3585,Lose
3586,Lose
3587,Lose
3588,Win
3589,Win
3590,Win
3591,Win
3592,Win
3593,Win
3594,Win
3595,Win
3596,Win
3597,Win
3598,Win
3599,Win
3600,Win
3601,Lose
3602,Lose
3603,Lose
3604,Lose
3605,Lose
3606,Lose
3607,Win
3608,Win
3609,Win
3610,Win
3611,Win
3612,Win
3613,Win
3614,Win
3615,Win
3616,Win
3617,Win
3618,Win
3619,Win
3620,Win
3621,Win
3622,Win
3623,Win
3624,Win
3625,Win
3626,Win
3627,Win
3628,Lose
3629,Win
3630,Win
3631,Win
3632,Win
3633,Win
3634,Win
3635,Win
3636,Win
3637,Win
3638,Win
3639,Win
3640,Win
3641,Win
3642,Win
3643,Win
3644,Win
3645,Win
3646,Win
3647,Win
3648,Win
3649,Win
3650,Win
3651,Win
3652,Win
3653,Win
3654,Lose
3655,Lose
3656,Lose
3657,Lose
3658,Lose
3659,Lose
3660,Lose
3661,Win
3662,Win
3663,Win
3664,Win
3665,Win
3666,Win
3667,Win
3668,Win
3669,Win
3670,Win
3671,Win
3672,Win
3673,Win
3674,Win
3675,Win
3676,Win
3677,Lose
3678,Lose
3679,Lose
3680,Lose
3681,Win
3682,Win
3683,Lose
3684,Lose
3685,Lose
3686,Lose
3687,Lose
3688,Lose
3689,Lose
3690,Lose
3691,Lose
3692,Lose
3693,Lose
3694,Win
3695,Win
3696,Win
3697,Win
3698,Win
3699,Win
3700,Win
3701,Win
3702,Win
3703,Win
3704,Win
3705,Win
3706,Win
3707,Win
3708,Win
3709,Win
3710,Win
3711,Win
3712,Win
3713,Win
3714,Win
3715,Win
3716,Win
3717,Win
3718,Win
3719,Win
3720,Win
3721,Win
3722,Win
3723,Win
3724,Win
3725,Win
3726,Win
3727,Win
3728,Win
3729,Win
3730,Win
3731,Win
3732,Win
3733,Win
3734,Win
3735,Win
3736,Win
3737,Win
3738,Win
3739,Lose
3740,Lose
3741,Lose
3742,Lose
3743,Lose
3744,Win
3745,Win
3746,Win
3747,Win
3748,Win
3749,Win
3750,Win
3751,Win
3752,Win
3753,Win
3754,Win
3755,Win
3756,Win
3757,Win
3758,Win
3759,Win
3760,Win
3761,Win
3762,Win
3763,Win
3764,Win
3765,Win
3766,Win
3767,Win
3768,Win
3769,Win
3770,Win
3771,Lose
3772,Win
3773,Win
3774,Win
3775,Win
3776,Win
3777,Win
3778,Win
3779,Win
3780,Win
3781,Lose
3782,Lose
3783,Lose
3784,Lose
3785,Win
3786,Win
3787,Win
3788,Win
3789,Win
3790,Win
3791,Win
3792,Win
3793,Win
3794,Win
3795,Win
3796,Win
3797,Win
3798,Win
3799,Win
3800,Lose
3801,Win
3802,Win
3803,Win
3804,Win
3805,Win
3806,Win
3807,Lose
3808,Lose
3809,Lose
3810,Lose
3811,Lose
3812,Win
3813,Win
3814,Win
3815,Win
3816,Win
3817,Win
3818,Win
3819,Win
3820,Win
3821,Win
3822,Lose
3823,Lose
3824,Win
3825,Win
3826,Win
3827,Win
3828,Win
3829,Win
3830,Win
3831,Win
3832,Lose
3833,Lose
3834,Lose
3835,Win
3836,Win
3837,Win
3838,Win
3839,Win
3840,Win
3841,Win
3842,Win
3843,Win
3844,Win
3845,Win
3846,Win
3847,Win
3848,Win
3849,Win
3850,Win
3851,Win
3852,Win
3853,Win
3854,Win
3855,Win
3856,Win
3857,Win
3858,Lose
3859,Lose
3860,Lose
3861,Lose
3862,Lose
3863,Lose
3864,Lose
3865,Lose
3866,Lose
3867,Lose
3868,Lose
3869,Lose
3870,Lose
3871,Lose
3872,Lose
3873,Lose
3874,Lose
3875,Lose
3876,Win
3877,Win
3878,Lose
3879,Lose
3880,Lose
3881,Lose
3882,Lose
3883,Lose
3884,Lose
3885,Lose
3886,Lose
3887,Lose
3888,Lose
3889,Lose
3890,Win
3891,Win
3892,Win
3893,Win
3894,Win
3895,Win
3896,Win
3897,Win
3898,Win
3899,Win
3900,Win
3901,Win
3902,Win
3903,Win
3904,Win
3905,Win
3906,Win
3907,Win
3908,Win
3909,Win
3910,Win
3911,Win
3912,Win
3913,Win
3914,Lose
3915,Win
3916,Win
3917,Win
3918,Win
3919,Win
3920,Win
3921,Win
3922,Win
3923,Win
3924,Win
3925,Win
3926,Win
3927,Win
3928,Win
3929,Win
3930,Win
3931,Win
3932,Win
3933,Win
3934,Win
3935,Win
3936,Lose
3937,Win
3938,Win
3939,Win
3940,Win
3941,Win
3942,Lose
3943,Lose
3944,Lose
3945,Win
3946,Win
3947,Win
3948,Win
3949,Win
3950,Win
3951,Win
3952,Win
3953,Win
3954,Win
3955,Win
3956,Win
3957,Win
3958,Win
3959,Win
3960,Win
3961,Win
3962,Win
3963,Win
3964,Win
3965,Win
3966,Win
3967,Win
3968,Win
3969,Win
3970,Win
3971,Win
3972,Win
3973,Win
3974,Win
3975,Win
3976,Win
3977,Win
3978,Win
3979,Win
3980,Win
3981,Lose
3982,Lose
3983,Lose
3984,Lose
3985,Lose
3986,Lose
3987,Win
3988,Win
3989,Win
3990,Win
3991,Win
3992,Win
3993,Win
3994,Win
3995,Win
3996,Win
3997,Win
3998,Win
3999,Win
4000,Win
4001,Win
4002,Win
4003,Win
4004,Win
4005,Lose
4006,Lose
4007,Lose
4008,Win
4009,Lose
4010,Lose
4011,Lose
4012,Lose
4013,Lose
4014,Win
4015,Win
4016,Win
4017,Win
4018,Win
4019,Win
4020,Win
4021,Win
4022,Win
4023,Win
4024,Win
4025,Win
4026,Win
4027,Win
4028,Win
4029,Win
4030,Win
4031,Lose
4032,Lose
4033,Lose
4034,Lose
4035,Lose
4036,Lose
4037,Win
4038,Win
4039,Win
4040,Win
4041,Win
4042,Win
4043,Win
4044,Lose
4045,Lose
4046,Win
4047,Win
4048,Win
4049,Win
4050,Win
4051,Win
4052,Win
4053,Win
4054,Win
4055,Win
4056,Win
4057,Win
4058,Win
4059,Win
4060,Win
4061,Win
4062,Win
4063,Win
4064,Win
4065,Win
4066,Win
4067,Win
4068,Win
4069,Lose
4070,Lose
4071,Lose
4072,Lose
4073,Lose
4074,Lose
4075,Win
4076,Lose
4077,Lose
4078,Lose
4079,Lose
4080,Lose
4081,Lose
4082,Lose
4083,Lose
4084,Lose
4085,Lose
4086,Lose
4087,Lose
4088,Lose
4089,Win
4090,Win
4091,Win
4092,Win
4093,Win
4094,Win
4095,Win
4096,Win
4097,Win
4098,Win
4099,Win
4100,Win
4101,Win
4102,Win
4103,Win
4104,Win
4105,Win
4106,Win
4107,Win
4108,Win
4109,Win
4110,Win
4111,Win
4112,Win
4113,Win
4114,Win
4115,Win
4116,Win
4117,Win
4118,Lose
4119,Win
4120,Win
4121,Win
4122,Win
4123,Win
4124,Win
4125,Win
4126,Win
4127,Win
4128,Win
4129,Win
4130,Win
4131,Win
4132,Win
4133,Win
4134,Win
4135,Win
4136,Lose
4137,Lose
4138,Lose
4139,Lose
4140,Lose
4141,Lose
4142,Win
4143,Win
4144,Win
4145,Win
4146,Win
4147,Win
4148,Lose
4149,Lose
4150,Lose
4151,Lose
4152,Lose
4153,Lose
4154,Lose
4155,Lose
4156,Lose
4157,Lose
4158,Lose
4159,Win
4160,Lose
4161,Lose
4162,Lose
4163,Lose
4164,Lose
4165,Win
4166,Win
4167,Win
4168,Win
4169,Win
4170,Lose
4171,Lose
4172,Lose
4173,Win
4174,Win
4175,Win
4176,Win
4177,Lose
4178,Lose
4179,Lose
4180,Lose
4181,Win
4182,Lose
4183,Lose
4184,Lose
4185,Lose
4186,Lose
4187,Lose
4188,Lose
4189,Lose
4190,Lose
4191,Lose
4192,Win
4193,Lose
4194,Lose
4195,Lose
4196,Lose
4197,Lose
4198,Lose
4199,Win
4200,Win
4201,Win
4202,Win
4203,Lose
4204,Lose
4205,Lose
4206,Lose
4207,Lose
4208,Lose
4209,Lose
4210,Lose
4211,Lose
4212,Lose
4213,Lose
4214,Win
4215,Win
4216,Win
4217,Win
4218,Win
4219,Lose
4220,Lose
4221,Win
4222,Win
4223,Win
4224,Win
4225,Win
4226,Win
4227,Win
4228,Win
4229,Win
4230,Win
4231,Win
4232,Win
4233,Win
4234,Lose
4235,Win
4236,Win
4237,Win
4238,Win
4239,Win
4240,Win
4241,Win
4242,Win
4243,Win
4244,Win
4245,Win
4246,Win
4247,Win
4248,Win
4249,Win
4250,Win
4251,Win
4252,Win
4253,Lose
4254,Lose
4255,Win
4256,Win
4257,Win
4258,Win
4259,Win
4260,Win
4261,Win
4262,Win
4263,Win
4264,Win
4265,Win
4266,Win
4267,Win
4268,Lose
4269,Win
4270,Win
4271,Win
4272,Win
4273,Win
4274,Win
4275,Win
4276,Win
4277,Win
4278,Win
4279,Win
4280,Win
4281,Win
4282,Win
4283,Win
4284,Lose
4285,Lose
4286,Lose
4287,Lose
4288,Lose
4289,Lose
4290,Lose
4291,Lose
4292,Lose
4293,Lose
4294,Win
4295,Win
4296,Win
4297,Lose
4298,Lose
4299,Lose
4300,Win
4301,Lose
4302,Win
4303,Win
4304,Win
4305,Win
4306,Win
4307,Win
4308,Win
4309,Win
4310,Win
4311,Win
4312,Win
4313,Win
4314,Win
4315,Win
4316,Win
4317,Win
4318,Win
4319,Win
4320,Win
4321,Win
4322,Win
4323,Win
4324,Lose
4325,Lose
4326,Win
4327,Win
4328,Win
4329,Win
4330,Win
4331,Win
4332,Lose
4333,Win
4334,Win
4335,Win
4336,Win
4337,Win
4338,Win
4339,Win
4340,Win
4341,Win
4342,Lose
4343,Lose
4344,Lose
4345,Lose
4346,Lose
4347,Lose
4348,Win
4349,Lose
4350,Lose
4351,Lose
4352,Lose
4353,Lose
4354,Lose
4355,Win
4356,Win
4357,Win
4358,Win
4359,Win
4360,Win
4361,Win
4362,Lose
4363,Lose
4364,Lose
4365,Lose
4366,Lose
4367,Lose
4368,Win
4369,Win
4370,Win
4371,Win
4372,Win
4373,Win
4374,Win
4375,Win
4376,Win
4377,Lose
4378,Lose
4379,Lose
4380,Lose
4381,Lose
4382,Lose
4383,Lose
4384,Lose
4385,Lose
4386,Win
4387,Win
4388,Win
4389,Win
4390,Win
4391,Win
4392,Win
4393,Win
4394,Win
4395,Win
4396,Win
4397,Win
4398,Win
4399,Win
4400,Win
4401,Win
4402,Win
4403,Win
4404,Win
4405,Win
4406,Lose
4407,Lose
4408,Win
4409,Win
4410,Win
4411,Win
4412,Win
4413,Win
4414,Win
4415,Win
4416,Win
4417,Lose
4418,Win
4419,Win
4420,Win
4421,Win
4422,Win
4423,Win
4424,Win
4425,Win
4426,Win
4427,Win
4428,Win
4429,Win
4430,Win
4431,Win
4432,Win
4433,Win
4434,Win
4435,Win
4436,Win
4437,Win
4438,Win
4439,Win
4440,Win
4441,Win
4442,Win
4443,Lose
4444,Lose
4445,Lose
4446,Win
4447,Win
4448,Win
4449,Win
4450,Win
4451,Win
4452,Win
4453,Win
4454,Win
4455,Win
4456,Win
4457,Win
4458,Win
4459,Win
4460,Lose
4461,Lose
4462,Lose
4463,Win
4464,Win
4465,Win
4466,Win
4467,Win
4468,Win
4469,Win
4470,Win
4471,Win
4472,Win
4473,Win
4474,Win
4475,Win
4476,Lose
4477,Lose
4478,Win
4479,Win
4480,Win
4481,Win
4482,Lose
4483,Lose
4484,Lose
4485,Lose
4486,Lose
4487,Lose
4488,Lose
4489,Lose
4490,Lose
4491,Win
4492,Win
4493,Lose
4494,Lose
4495,Lose
4496,Lose
4497,Lose
4498,Lose
4499,Lose
4500,Win
4501,Win
4502,Win
4503,Win
4504,Win
4505,Win
4506,Win
4507,Win
4508,Win
4509,Lose
4510,Lose
4511,Win
4512,Win
4513,Win
4514,Win
4515,Win
4516,Win
4517,Win
4518,Lose
4519,Lose
4520,Win
4521,Win
4522,Win
4523,Win
4524,Win
4525,Win
4526,Win
4527,Win
4528,Win
4529,Lose
4530,Lose
4531,Lose
4532,Lose
4533,Lose
4534,Win
4535,Win
4536,Win
4537,Win
4538,Win
4539,Win
4540,Win
4541,Win
4542,Win
4543,Win
4544,Win
4545,Win
4546,Win
4547,Win
4548,Win
4549,Win
4550,Win
4551,Win
4552,Win
4553,Win
4554,Win
4555,Win
4556,Win
4557,Win
4558,Win
4559,Win
4560,Win
4561,Win
4562,Win
4563,Win
4564,Win
4565,Win
4566,Lose
4567,Lose
4568,Win
4569,Win
4570,Win
4571,Win
4572,Win
4573,Win
4574,Win
4575,Win
4576,Win
4577,Win
4578,Draw
4579,Lose
4580,Lose
4581,Win
4582,Lose
4583,Lose
4584,Lose
4585,Win
4586,Win
4587,Win
4588,Lose
4589,Lose
4590,Lose
4591,Win
4592,Win
4593,Win
4594,Win
4595,Lose
4596,Lose
4597,Lose
4598,Lose
4599,Win
4600,Win
4601,Win
4602,Win
4603,Win
4604,Win
4605,Win
4606,Win
4607,Win
4608,Win
4609,Win
4610,Lose
4611,Lose
4612,Lose
4613,Lose
4614,Lose
4615,Win
4616,Win
4617,Win
4618,Win
4619,Lose
4620,Win
4621,Win
4622,Win
4623,Win
4624,Win
4625,Win
4626,Win
4627,Win
4628,Win
4629,Win
4630,Win
4631,Win
4632,Win
4633,Win
4634,Lose
4635,Lose
4636,Win
4637,Win
4638,Win
4639,Win
4640,Win
4641,Win
4642,Win
4643,Win
4644,Win
4645,Win
4646,Win
4647,Win
4648,Win
4649,Win
4650,Win
4651,Win
4652,Win
4653,Win
4654,Win
4655,Win
4656,Win
4657,Win
4658,Win
4659,Win
4660,Win
4661,Win
4662,Win
4663,Win
4664,Win
4665,Win
4666,Win
4667,Win
4668,Win
4669,Win
4670,Win
4671,Win
4672,Win
4673,Win
4674,Win
4675,Win
4676,Win
4677,Win
4678,Win
4679,Win
4680,Win
4681,Win
4682,Win
4683,Win
4684,Win
4685,Win
4686,Lose
4687,Lose
4688,Lose
4689,Lose
4690,Lose
4691,Lose
4692,Win
4693,Win
4694,Win
4695,Win
4696,Win
4697,Win
4698,Win
4699,Win
4700,Win
4701,Win
4702,Win
4703,Win
4704,Lose
4705,Lose
4706,Lose
4707,Lose
4708,Lose
4709,Lose
4710,Lose
4711,Lose
4712,Win
4713,Win
4714,Win
4715,Win
4716,Win
4717,Win
4718,Win
4719,Lose
4720,Lose
4721,Win
4722,Win
4723,Win
4724,Win
4725,Win
4726,Win
4727,Win
4728,Win
4729,Win
4730,Win
4731,Win
4732,Win
4733,Win
4734,Win
4735,Win
4736,Win
4737,Win
4738,Win
4739,Win
4740,Win
4741,Win
4742,Win
4743,Win
4744,Lose
4745,Lose
4746,Lose
4747,Lose
4748,Lose
4749,Lose
4750,Lose
4751,Win
4752,Win
4753,Lose
4754,Lose
4755,Lose
4756,Lose
4757,Lose
4758,Win
4759,Win
4760,Win
4761,Win
4762,Lose
4763,Win
4764,Win
4765,Win
4766,Win
4767,Win
4768,Win
4769,Win
4770,Win
4771,Win
4772,Win
4773,Win
4774,Win
4775,Win
4776,Win
4777,Win
4778,Win
4779,Win
4780,Win
4781,Win
4782,Win
4783,Win
4784,Lose
4785,Lose
4786,Lose
4787,Win
4788,Win
4789,Win
4790,Win
4791,Win
4792,Win
4793,Win
4794,Win
4795,Win
4796,Win
4797,Win
4798,Win
4799,Win
4800,Win
4801,Win
4802,Win
4803,Win
4804,Win
4805,Win
4806,Win
4807,Lose
4808,Lose
4809,Lose
4810,Lose
4811,Lose
4812,Lose
4813,Win
4814,Win
4815,Win
4816,Win
4817,Win
4818,Win
4819,Win
4820,Win
4821,Win
4822,Win
4823,Win
4824,Win
4825,Win
4826,Win
4827,Win
4828,Win
4829,Win
4830,Win
4831,Lose
4832,Lose
4833,Lose
4834,Win
4835,Win
4836,Win
4837,Win
4838,Win
4839,Lose
4840,Lose
4841,Win
4842,Win
4843,Win
4844,Win
4845,Win
4846,Win
4847,Win
4848,Win
4849,Win
4850,Win
4851,Win
4852,Win
4853,Win
4854,Win
4855,Win
4856,Win
4857,Win
4858,Win
4859,Win
4860,Win
4861,Win
4862,Win
4863,Lose
4864,Lose
4865,Lose
4866,Lose
4867,Win
4868,Win
4869,Win
4870,Win
4871,Lose
4872,Lose
4873,Lose
4874,Lose
4875,Lose
4876,Win
4877,Win
4878,Win
4879,Lose
4880,Win
4881,Win
4882,Win
4883,Win
4884,Win
4885,Win
4886,Win
4887,Win
4888,Win
4889,Win
4890,Win
4891,Win
4892,Win
4893,Win
4894,Win
4895,Win
4896,Win
4897,Win
4898,Win
4899,Win
4900,Win
4901,Win
4902,Win
4903,Win
4904,Win
4905,Win
4906,Win
4907,Win
4908,Lose
4909,Lose
4910,Lose
4911,Lose
4912,Lose
4913,Win
4914,Win
4915,Win
4916,Win
4917,Win
4918,Win
4919,Win
4920,Win
4921,Win
4922,Win
4923,Win
4924,Win
4925,Win
4926,Win
4927,Win
4928,Win
4929,Win
4930,Lose
4931,Win
4932,Lose
4933,Win
4934,Win
4935,Win
4936,Win
4937,Win
4938,Win
4939,Win
4940,Lose
4941,Win
4942,Win
4943,Win
4944,Win
4945,Win
4946,Win
4947,Win
4948,Lose
4949,Lose
4950,Win
4951,Lose
4952,Lose
4953,Lose
4954,Lose
4955,Win
4956,Win
4957,Win
4958,Win
4959,Win
4960,Win
4961,Win
4962,Win
4963,Win
4964,Win
4965,Win
4966,Win
4967,Win
4968,Win
4969,Win
4970,Win
4971,Win
4972,Lose
4973,Win
4974,Win
4975,Win
4976,Win
4977,Win
4978,Win
4979,Win
4980,Win
4981,Win
4982,Win
4983,Win
4984,Win
4985,Win
4986,Win
4987,Win
4988,Win
4989,Win
4990,Win
4991,Win
4992,Win
4993,Win
4994,Win
4995,Win
4996,Win
4997,Win
4998,Win
4999,Win
5000,Win
5001,Win
5002,Win
5003,Win
5004,Win
5005,Lose
5006,Lose
5007,Win
5008,Win
5009,Win
5010,Win
5011,Win
5012,Win
5013,Win
5014,Win
5015,Win
5016,Win
5017,Win
5018,Win
5019,Win
5020,Win
5021,Win
5022,Win
5023,Win
5024,Win
5025,Win
5026,Win
5027,Win
5028,Win
5029,Win
5030,Win
5031,Win
5032,Win
5033,Win
5034,Win
5035,Win
5036,Win
5037,Lose
5038,Lose
5039,Lose
5040,Lose
5041,Lose
5042,Lose
5043,Lose
5044,Lose
5045,Win
5046,Win
5047,Win
5048,Win
5049,Win
5050,Win
5051,Win
5052,Win
5053,Win
5054,Win
5055,Win
5056,Win
5057,Win
5058,Win
5059,Win
5060,Win
5061,Win
5062,Lose
5063,Win
5064,Win
5065,Win
5066,Win
5067,Win
5068,Win
5069,Win
5070,Win
5071,Win
5072,Win
5073,Win
5074,Win
5075,Win
5076,Win
5077,Win
5078,Win
5079,Win
5080,Win
5081,Win
5082,Win
5083,Win
5084,Win
5085,Win
5086,Win
5087,Win
5088,Win
5089,Win
5090,Lose
5091,Win
5092,Win
5093,Win
5094,Win
5095,Win
5096,Win
5097,Win
5098,Win
5099,Win
5100,Win
5101,Win
5102,Win
5103,Win
5104,Win
5105,Win
5106,Win
5107,Win
5108,Win
5109,Win
5110,Win
5111,Lose
5112,Win
5113,Win
5114,Win
5115,Win
5116,Win
5117,Win
5118,Win
5119,Win
5120,Win
5121,Win
5122,Win
5123,Win
5124,Win
5125,Win
5126,Win
5127,Win
5128,Win
5129,Win
5130,Win
5131,Win
5132,Win
5133,Lose
5134,Lose
5135,Lose
5136,Lose
5137,Lose
5138,Lose
5139,Lose
5140,Win
5141,Lose
5142,Lose
5143,Lose
5144,Win
5145,Win
5146,Win
5147,Win
5148,Win
5149,Win
5150,Win
5151,Win
5152,Win
5153,Win
5154,Win
5155,Win
5156,Win
5157,Win
5158,Win
5159,Win
5160,Win
5161,Win
5162,Win
5163,Win
5164,Win
5165,Win
5166,Win
5167,Win
5168,Win
5169,Win
5170,Win
5171,Win
5172,Win
5173,Win
5174,Win
5175,Win
5176,Win
5177,Win
5178,Win
5179,Win
5180,Win
5181,Lose
5182,Lose
5183,Lose
5184,Lose
5185,Lose
5186,Lose
5187,Win
5188,Win
5189,Win
5190,Win
5191,Win
5192,Win
5193,Win
5194,Win
5195,Win
5196,Win
5197,Win
5198,Win
5199,Win
5200,Win
5201,Win
5202,Lose
5203,Lose
5204,Lose
5205,Lose
5206,Win
5207,Win
5208,Win
5209,Win
5210,Win
5211,Win
5212,Win
5213,Win
5214,Win
5215,Win
5216,Win
5217,Lose
5218,Win
5219,Win
5220,Win
5221,Win
5222,Win
5223,Win
5224,Win
5225,Win
5226,Win
5227,Win
5228,Win
5229,Lose
5230,Win
5231,Win
5232,Win
5233,Win
5234,Win
5235,Win
5236,Lose
5237,Lose
5238,Lose
5239,Lose
5240,Lose
5241,Lose
5242,Win
5243,Win
5244,Win
5245,Win
5246,Win
5247,Win
5248,Win
5249,Win
5250,Win
5251,Win
5252,Win
5253,Win
5254,Win
5255,Win
5256,Win
5257,Win
5258,Lose
5259,Lose
5260,Lose
5261,Lose
5262,Lose
5263,Lose
5264,Lose
5265,Lose
5266,Lose
5267,Win
5268,Win
5269,Win
5270,Win
5271,Win
5272,Lose
5273,Lose
5274,Lose
5275,Lose
5276,Lose
5277,Lose
5278,Lose
5279,Lose
5280,Lose
5281,Lose
5282,Lose
5283,Lose
5284,Lose
5285,Lose
5286,Lose
5287,Lose
5288,Lose
5289,Lose
5290,Lose
5291,Lose
5292,Lose
5293,Lose
5294,Lose
5295,Lose
5296,Lose
5297,Lose
5298,Lose
5299,Win
5300,Win
5301,Win
5302,Win
5303,Win
5304,Win
5305,Win
5306,Lose
5307,Lose
5308,Lose
5309,Lose
5310,Lose
5311,Lose
5312,Lose
5313,Win
5314,Win
5315,Win
5316,Win
5317,Win
5318,Win
5319,Win
5320,Win
5321,Win
5322,Win
5323,Win
5324,Win
5325,Win
5326,Win
5327,Win
5328,Win
5329,Win
5330,Win
5331,Win
5332,Win
5333,Win
5334,Win
5335,Win
5336,Win
5337,Win
5338,Win
5339,Win
5340,Win
5341,Lose
5342,Lose
5343,Lose
5344,Lose
5345,Win
5346,Win
5347,Lose
5348,Win
5349,Win
5350,Win
5351,Win
5352,Win
5353,Win
5354,Win
5355,Win
5356,Win
5357,Win
5358,Win
5359,Win
5360,Win
5361,Win
5362,Win
5363,Win
5364,Win
5365,Win
5366,Win
5367,Win
5368,Win
5369,Win
5370,Win
5371,Win
5372,Win
5373,Win
5374,Win
5375,Win
5376,Win
5377,Win
5378,Win
5379,Win
5380,Win
5381,Win
5382,Win
5383,Win
5384,Win
5385,Win
5386,Win
5387,Win
5388,Win
5389,Win
5390,Win
5391,Win
5392,Win
5393,Win
5394,Win
5395,Win
5396,Win
5397,Win
5398,Lose
5399,Win
5400,Win
5401,Lose
5402,Win
5403,Win
5404,Win
5405,Win
5406,Win
5407,Win
5408,Win
5409,Win
5410,Win
5411,Win
5412,Lose
5413,Win
5414,Win
5415,Win
5416,Win
5417,Win
5418,Win
5419,Win
5420,Win
5421,Win
5422,Win
5423,Win
5424,Win
5425,Win
5426,Win
5427,Win
5428,Win
5429,Win
5430,Win
5431,Win
5432,Win
5433,Win
5434,Win
5435,Win
5436,Win
5437,Win
5438,Lose
5439,Lose
5440,Lose
5441,Lose
5442,Lose
5443,Win
5444,Win
5445,Win
5446,Win
5447,Win
5448,Win
5449,Win
5450,Win
5451,Win
5452,Win
5453,Win
5454,Lose
5455,Lose
5456,Lose
5457,Win
5458,Win
5459,Win
5460,Win
5461,Win
5462,Win
5463,Win
5464,Win
5465,Win
5466,Win
5467,Win
5468,Lose
5469,Lose
5470,Lose
5471,Win
5472,Win
5473,Win
5474,Win
5475,Win
5476,Win
5477,Win
5478,Win
5479,Win
5480,Win
5481,Draw
5482,Win
5483,Win
5484,Win
5485,Win
5486,Win
5487,Win
5488,Win
5489,Win
5490,Win
5491,Win
5492,Win
5493,Win
5494,Win
5495,Win
5496,Win
5497,Win
5498,Win
5499,Win
5500,Win
5501,Win
5502,Win
5503,Win
5504,Win
5505,Win
5506,Win
5507,Win
5508,Win
5509,Win
5510,Win
5511,Win
5512,Win
5513,Win
5514,Win
5515,Win
5516,Win
5517,Win
5518,Win
5519,Win
5520,Win
5521,Win
5522,Win
5523,Win
5524,Win
5525,Win
5526,Win
5527,Win
5528,Lose
5529,Win
5530,Win
5531,Win
5532,Win
5533,Win
5534,Win
5535,Win
5536,Win
5537,Win
5538,Win
5539,Win
5540,Win
5541,Win
5542,Win
5543,Win
5544,Win
5545,Win
5546,Win
5547,Win
5548,Win
5549,Win
5550,Win
5551,Win
5552,Win
5553,Win
5554,Win
5555,Win
5556,Win
5557,Win
5558,Win
5559,Win
5560,Win
5561,Win
5562,Win
5563,Win
5564,Win
5565,Win
5566,Lose
5567,Lose
5568,Lose
5569,Lose
5570,Lose
5571,Win
5572,Win
5573,Win
5574,Lose
5575,Lose
5576,Lose
5577,Lose
5578,Lose
5579,Lose
5580,Win
5581,Win
5582,Win
5583,Lose
5584,Lose
5585,Lose
5586,Lose
5587,Lose
5588,Lose
5589,Lose
5590,Win
5591,Win
5592,Win
5593,Win
5594,Win
5595,Win
5596,Win
5597,Win
5598,Win
5599,Win
5600,Win
5601,Win
5602,Win
5603,Win
5604,Win
5605,Win
5606,Win
5607,Win
5608,Win
5609,Lose
5610,Lose
5611,Win
5612,Win
5613,Win
5614,Win
5615,Win
5616,Win
5617,Win
5618,Win
5619,Win
5620,Win
5621,Lose
5622,Win
5623,Win
5624,Win
5625,Win
5626,Win
5627,Win
5628,Lose
5629,Lose
5630,Lose
5631,Lose
5632,Lose
5633,Lose
5634,Lose
5635,Lose
5636,Lose
5637,Lose
5638,Lose
5639,Win
5640,Lose
5641,Lose
5642,Win
5643,Win
5644,Win
5645,Win
5646,Lose
5647,Lose
5648,Win
5649,Win
5650,Win
5651,Win
5652,Win
5653,Lose
5654,Lose
5655,Lose
5656,Lose
5657,Lose
5658,Win
5659,Win
5660,Win
5661,Win
5662,Win
5663,Win
5664,Win
5665,Win
5666,Win
5667,Win
5668,Win
5669,Win
5670,Win
5671,Win
5672,Win
5673,Win
5674,Win
5675,Lose
5676,Win
5677,Win
5678,Lose
5679,Lose
5680,Win
5681,Win
5682,Win
5683,Win
5684,Win
5685,Win
5686,Win
5687,Win
5688,Win
5689,Win
5690,Win
5691,Win
5692,Win
5693,Win
5694,Win
5695,Win
5696,Win
5697,Win
5698,Lose
5699,Lose
5700,Lose
5701,Win
5702,Win
5703,Win
5704,Win
5705,Win
5706,Win
5707,Win
5708,Win
5709,Win
5710,Lose
5711,Lose
5712,Lose
5713,Lose
5714,Lose
5715,Lose
5716,Lose
5717,Win
5718,Win
5719,Win
5720,Win
5721,Win
5722,Win
5723,Win
5724,Win
5725,Win
5726,Win
5727,Win
5728,Win
5729,Win
5730,Win
5731,Win
5732,Win
5733,Lose
5734,Lose
5735,Lose
5736,Win
5737,Win
5738,Lose
5739,Win
5740,Win
5741,Win
5742,Win
5743,Win
5744,Win
5745,Win
5746,Lose
5747,Lose
5748,Lose
5749,Lose
5750,Lose
5751,Win
5752,Win
5753,Win
5754,Win
5755,Win
5756,Win
5757,Win
5758,Win
5759,Win
5760,Win
5761,Lose
5762,Lose
5763,Win
5764,Win
5765,Win
5766,Win
5767,Win
5768,Win
5769,Win
5770,Win
5771,Win
5772,Win
5773,Win
5774,Win
5775,Win
5776,Win
5777,Win
5778,Win
5779,Win
5780,Win
5781,Win
5782,Win
5783,Win
5784,Win
5785,Win
5786,Win
5787,Win
5788,Win
5789,Lose
5790,Lose
5791,Lose
5792,Lose
5793,Lose
5794,Win
5795,Win
5796,Win
5797,Lose
5798,Lose
5799,Lose
5800,Lose
5801,Lose
5802,Lose
5803,Lose
5804,Lose
5805,Lose
5806,Lose
5807,Win
5808,Win
5809,Win
5810,Win
5811,Win
5812,Win
5813,Win
5814,Win
5815,Win
5816,Win
5817,Win
5818,Win
5819,Win
5820,Win
5821,Win
5822,Win
5823,Win
5824,Win
5825,Win
5826,Win
5827,Lose
5828,Lose
5829,Lose
5830,Win
5831,Win
5832,Win
5833,Win
5834,Win
5835,Win
5836,Win
5837,Win
5838,Win
5839,Win
5840,Win
5841,Win
5842,Win
5843,Win
5844,Win
5845,Win
5846,Win
5847,Win
5848,Win
5849,Win
5850,Win
5851,Win
5852,Win
5853,Win
5854,Win
5855,Win
5856,Win
5857,Win
5858,Win
5859,Lose
5860,Lose
5861,Lose
5862,Lose
5863,Win
5864,Win
5865,Win
5866,Win
5867,Win
5868,Win
5869,Win
5870,Win
5871,Win
5872,Lose
5873,Lose
5874,Win
5875,Win
5876,Win
5877,Win
5878,Win
5879,Win
5880,Win
5881,Win
5882,Win
5883,Win
5884,Win
5885,Win
5886,Win
5887,Win
5888,Win
5889,Win
5890,Win
5891,Win
5892,Win
5893,Win
5894,Win
5895,Win
5896,Win
5897,Win
5898,Win
5899,Win
5900,Win
5901,Win
